First Name,Last Name,Email,Phone,Company,Job Title,Lead Source,Lifecycle Stage,City,Create Date
Austin,Foster,Austinfoster88@yahoo.com,,wood and sons,Media Buyer,Podcast,Opportunity,Boston,2026-05-02
David,Pugh,David_Pugh70@outlook.com,,PhillipsandSons,CMO,NEWSLETTER,Customer,New York,"May 11, 2026"
Michelle,Smith,Michelle.Smith2@yaho.com,9056434412,"williams, nguyen and schaefer",Marketing Director,PODCAST,opportunity,Tampa,14-11-2025
Cynthia,Leach,Cynthia.Leach26@gmail.co,7855627119,"Johnson Group, LLC",Sales Director,Paid social,Sales Qualified Lead,Miami,03-13-26
Maria,Chavez,Maria.Chavez45@GMAIL.COM,1-369-711-1117,"Copeland,FernandezandNelson",Marketing Director,Referral,lead,Chicago,08/27/2025
Samuel,Matthews,samuel_matthews16@GMAIL.COM,4119274278,Wilson-Carlson,Media Buyer,Pod Cast,SQL,Los Angeles,18-12-2025
Shawn,Nelson,shawn.nelson85@yaho.com,948-728-7857,Mcguire PLC,Brand Manager,REFERRAL,Customer,New York,16-08-2025
Pamela,Garrett,PamelaGarrett98@GMAIL.COM,546.481.9615,"SMITH, MATHIS AND WILEY",Media Buyer,ref,subscriber,Tampa,10/31/2025
Laurie,Lopez,Laurie_Lopez43@yahoo.com,034.887.8441,Vazquez-Schwartz,Sales Director,youtube,Subscriber,Dallas,01/07/2026
Stephen,Gonzalez,Stephen.Gonzalez76@outlook.com,+17213871639,Kelly-Rodriguez,CEO,Podcasts,MQL,Los Angeles,2025-10-21
Tyler,Ross,Tyler.Ross16@GMAIL.COM,521.649.5069,stewart-reynolds,Brand Manager,referral,OPPORTUNITY,Boston,2025-12-07
William,Harrell,william.harrell56@gmail.co,8133836688,Allen LLC,Marketing Director,youtube,mql,Miami,26-01-2026
Gina,Vega,Gina_Vega67@yahoo.com,4295931486,"Vincent,ReidandHansen",Brand Manager,Youtube,CUSTOMER,Boston,04-25-26
Darin,Williamson,Darin_Williamson80@gmail.co,927-772-1834,Cuevas Group ,Founder,Pod Cast,SQL,,01/26/2026
Wendy,Hill,Wendy.Hill18@yaho.com,659.367.4190,"Davis Group, LLC",Brand Manager,You Tube,marketingqualifiedlead,Los Angeles,01/09/2026
Carolyn,Walker,CarolynWalker37@gmail.co,+15020014965,HARRIS-ANTHONY,Founder,Podcast,opportunity,Los Angeles,02/04/2026
Eric,Boyd,ericboyd19@GMAIL.COM,+13244950784,Gibson-Moore,Founder,Youtube,salesqualifiedlead,Miami,"September 25, 2025"
Alexandria,Hebert,Alexandria.Hebert90@yahoo.com,,"Rivas Inc, LLC",Sales Director,PaidSocial,lead,Fort Lauderdale,"June 03, 2026"
Stephanie,Joseph,stephanie_joseph44@hotmail.com,502-555-9545,"Shannon, Mcconnell and Baker LLC",Owner,paid social,OPPORTUNITY,Atlanta,26-11-2025
Miguel,Cooper,MIGUEL_COOPER96@gmail.co,(101) 234-9339,Clarke-Parker,CMO,Paid social,marketingqualifiedlead,New York,2026-04-13
Chase,Rowe,CHASE_ROWE63@hotmail.com,763.550.2439,"Price, Brown and Everett ",Owner,podcast,opportunity,Houston,10-18-25
Molly,Glass,mollyglass33@gmail.com,(950) 660-4506,clark-fisher,CMO,PAID SOCIAL,Subscriber,Miami,01-17-26
Christopher,Murphy,Christophermurphy80@hotmail.com,(673) 072-3358,"Thompson, Wright and Kennedy ",Owner,YOUTUBE,Sales Qualified Lead,New York,01-24-26
HAROLD,Humphrey,harold.humphrey17@yaho.com,9002045720,"BRADY, RYAN AND BROCK",Owner,Podcast,marketingqualifiedlead,Dallas,2026-01-03
Evan,Baker,EVANBAKER5@yahoo.com,1-202-877-4752,Knight-Vazquez,CEO,PAID SOCIAL,,Chicago,"September 26, 2025"
Michael,Flores,MICHAELFLORES62@hotmail.com,,Shaw LLC LLC,Owner,You Tube,lead,Miami,02/22/2026
Anthony,Lewis,anthony_lewis25@hotmail.com,,Henderson-Liu LLC,Founder,YouTube,OPPORTUNITY,,2025-12-25
Kelly,Rivera,Kelly_Rivera12@GMAIL.COM,1451421988,Ochoa-Farrell LLC,Founder,PAID SOCIAL,CUSTOMER,Chicago,18-09-2025
Timothy,Carpenter,Timothy.Carpenter59@gmail.co,603-917-8232,"chan, rivera and kennedy",Media Buyer,Referral,lead,Fort Lauderdale,2025-10-02
Cynthia,Reynolds,Cynthiareynolds53@outlook.com,+18675470607,"Humphrey, Tucker and Norris ",Brand Manager,Youtube,sql,Los Angeles,2025-12-11
Jason,Martinez,jason_martinez97@yahoo.com,037-870-0192,"Ortega-Tyler, LLC",,podcast,opportunity,Tampa,2025-11-03
Kelly,Washington,kellywashington89@yahoo.com,+18474842742,Murphy and Sons ,Marketing Director,Referral,subscriber,Tampa,12-26-25
Laurie,Hall,laurie.hall73@gmail.com,598.138.6290,HARDY-GROSS,Entrepreneur,podcast,OPPORTUNITY,Boston,"August 08, 2025"
Ashley,Vazquez,Ashley.Vazquez86@gmail.co,277.727.8799,nichols-mendez,CMO,EVENTS,SQL,Fort Lauderdale,08-18-25
Daniel,Dixon,Daniel.Dixon76@gmail.co,354.724.3877,Johnson-Adams,Owner,YouTube,Lead,Chicago,12-05-2026
Megan,Davis,Megan_Davis3@gmail.co,090-322-4042,"DURAN, HERNANDEZ AND CANTU",Founder,PODCAST,,Fort Lauderdale,12-30-25
Gina,Berry,ginaberry78@gmail.co,179.892.3089,KRAUSE AND SONS,Entrepreneur,Paid social,sql,Chicago,28-06-2025
Tyler,Eaton,tyler_eaton13@gmail.com,1-924-961-7812,Vasquez Ltd,Sales Director,youtube,salesqualifiedlead,Dallas,2025-11-22
ASHLEY,Mcclain,Ashleymcclain74@hotmail.com,1115723811,Murphy-Thomas ,CMO,Podcasts,customer,Tampa,08-06-25
Amanda,Caldwell,AMANDA.CALDWELL66@yahoo.com,+16221244149,BUSH-MILLER,Owner,You Tube,salesqualifiedlead,Houston,07-10-25
Wanda,Arroyo,WandaArroyo32@gmail.co,326.337.6423,"Lane, Campbell and Ramirez ",Media Buyer,PODCAST,sql,Boston,20-12-2025
Nicholas,Ramirez,nicholas_ramirez22@gmail.com,(287) 732-0962,BurkeInc,CMO,YT,subscriber,Tampa,07/09/2025
GARY,Carey,Gary_Carey73@yahoo.com,481.171.1315,HORNE-DOYLE,CMO,You Tube,customer,Tampa,15-03-2026
Michael,Caldwell,michael.caldwell68@yaho.com,1-384-446-7265,"Hendricks, Day and Snow LLC",CEO,YouTube,Lead,Tampa,"June 25, 2025"
Bradley,Gonzalez,Bradleygonzalez23@yaho.com,3393380274,GOMEZ-RICHARDSON,,YouTube,CUSTOMER,Boston,2025-10-05
Gary,Glover,GARY.GLOVER86@hotmail.com,,Stevenson Inc LLC,Brand Manager,Pod Cast,salesqualifiedlead,Chicago,07-02-25
Tammy,Walker,Tammy_Walker69@gmail.co,,Petersen Inc,Marketing Director,organic,Opportunity,Miami,2026-05-06
Joseph,Mckinney,joseph_mckinney60@outlook.com,1-641-405-9548,PETERSON AND SONS,Founder,podcast,Marketing Qualified Lead,,"April 06, 2026"
Lindsay,Rivera,LINDSAYRIVERA11@outlook.com,(242) 488-3549,"sloan, cooper and bryant",Sales Director,YT,lead,,01/28/2026
Michelle,Alvarez,Michellealvarez48@yahoo.com,1-854-746-7854,"Lewis, Hutchinson and King",CEO,newsletter,Sales Qualified Lead,Tampa,05-04-26
Ray,Williams,Ray_Williams74@GMAIL.COM,838.427.0633,WASHINGTON LLC,CEO,ref,salesqualifiedlead,Houston,06/15/2025
Amanda,Friedman,amanda_friedman19@gmail.co,+18452851840,"Odonnell, Henderson and Reid LLC",Entrepreneur,Podcasts,LEAD,,09/17/2025
Elizabeth,Gonzales,ELIZABETH_GONZALES87@hotmail.com,(352) 494-4538,"Cain, James and Brennan, LLC",CMO,paid social,CUSTOMER,Houston,15-08-2025
Belinda,Macdonald,belinda.macdonald69@hotmail.com,1-734-485-5957,"Walker,EdwardsandHenderson",CMO,Events,subscriber,,2026-01-08
Deborah,Harris,DEBORAHHARRIS18@yaho.com,155.515.5503,Sharp Ltd ,Owner,Events/Conf,salesqualifiedlead,,16-06-2025
Amanda,Williams,AMANDA.WILLIAMS10@hotmail.com,,Humphrey LLC LLC,CMO,Podcast,OPPORTUNITY,,"May 18, 2026"
Kelly,Turner,KELLY.TURNER94@yaho.com,1-743-510-1330,"Sanders,VelezandFreeman",CEO,Events,Sales Qualified Lead,Los Angeles,08/28/2025
Bethany,Flynn,Bethany.Flynn37@gmail.co,777-035-0682,Silva-Allen,CMO,Youtube,CUSTOMER,Tampa,"October 20, 2025"
Kenneth,Perez,KENNETHPEREZ95@gmail.com,1-279-780-1958,Vance and Sons,Marketing Director,You Tube,opportunity,Atlanta,03-03-2026
Veronica,Savage,VERONICA.SAVAGE69@gmail.co,557-584-1618,"Hancock, Sandoval and Vazquez ",Brand Manager,YouTube,CUSTOMER,Chicago,05-07-2025
Steven,Kelly,Stevenkelly56@gmail.com,(837) 198-8458,"Downs LLC, LLC",Entrepreneur,YT,MQL,Los Angeles,10-11-25
Barbara,Edwards,barbaraedwards25@outlook.com,,"mitchell, mcmahon and nelson",Sales Director,Email/Newsletter,Customer,Tampa,2026-05-04
Thomas,Valdez,THOMAS_VALDEZ21@GMAIL.COM,770.704.8915,Pollard Inc ,Marketing Director,YOUTUBE,LEAD,Miami,07/22/2025
Marie,Taylor,Marie.Taylor45@gmail.com,6751627765,LYNCH-MCFARLAND,,paid social,Opportunity,New York,2026-03-18
Nancy,Howell,nancy_howell8@yahoo.com,+13377809416,ROJAS LLC,CMO,YT,LEAD,Atlanta,01/03/2026
Penny,Robinson,PENNY.ROBINSON53@yaho.com,7416201299,"Smith,HoweandJones",Media Buyer,YOUTUBE,customer,Houston,2025-07-10
Dennis,Green,Dennis.Green39@GMAIL.COM,+11056593919,"Davila, Mcknight and Hill, LLC",Founder,You Tube,SQL,Boston,12-04-2026
Cody,Newman,Cody.Newman32@gmail.co,1-408-274-0408,"Buckley-Lester, LLC",Marketing Director,YouTube,Lead,Dallas,20-07-2025
Katherine,Lucas,Katherinelucas30@hotmail.com,253-999-2505,"Graham,ParkerandRodgers",Sales Director,Newsletter,OPPORTUNITY,Dallas,11/17/2025
Laura,Garcia,Laura_Garcia85@yaho.com,1964869870,"Miller, Lane and Matthews",Marketing Director,podcast,Lead,Chicago,2026-04-30
Paul,Perry,Paul_Perry33@hotmail.com,2017255922,"REYNOLDS, DIAZ AND ATKINSON",Brand Manager,PaidSocial,OPPORTUNITY,New York,29-01-2026
Vernon,White,Vernon_White10@GMAIL.COM,+12166121712,Meyer-Baker,Founder,REFERRAL,MQL,Los Angeles,"February 06, 2026"
Tyler,Walls,Tyler.Walls91@gmail.co,600.643.3155,"Wilson PLC, LLC",Owner,NL,MQL,Miami,"January 14, 2026"
,Aguilar,Linda_Aguilar30@yahoo.com,5845893706,LOPEZ-JONES,Sales Director,YT,SQL,Atlanta,10-26-25
Raymond,Jackson,Raymondjackson99@yaho.com,752-276-6825,Clark-Ford LLC,Founder,Paid Social,sql,,07/23/2025
Diana,Carter,Diana.Carter40@yahoo.com,(147) 360-7597,coleman llc,CMO,Referral,Subscriber,Houston,"January 11, 2026"
Heidi,Graves,heidi_graves38@gmail.co,6953531855,"Fuentes, Fuentes and Dawson",Entrepreneur,Podcasts,Opportunity,Houston,04-10-26
MICHAEL,Roberson,michael.roberson13@outlook.com,1-143-396-9978,Lopez PLC ,Marketing Director,EVENTS,Marketing Qualified Lead,Miami,12/23/2025
Shannon,Torres,shannontorres69@gmail.com,(950) 133-3098,Gonzales-Ramos LLC,Sales Director,newsletter,Opportunity,Houston,"October 17, 2025"
Caleb,Johnson,Caleb_Johnson50@GMAIL.COM,860.089.6205,"Cross-Vaughan, LLC",Entrepreneur,You Tube,sql,Miami,10/02/2025
Stephanie,Bell,Stephanie_Bell41@GMAIL.COM,1-307-475-6864,"fernandez, simon and smith",Owner,YOUTUBE,LEAD,Fort Lauderdale,"July 20, 2025"
,Rivera,alicia.rivera29@GMAIL.COM,0593036633,"Scott, Hernandez and Kirk ",Entrepreneur,Paid social,OPPORTUNITY,Los Angeles,07-04-2026
Michelle,Montgomery,Michelle.Montgomery65@hotmail.com,736.535.0543,"Contreras,ClarkeandGreen",Media Buyer,Referals,,Los Angeles,11-05-25
Carol,Bates,Carol.Bates7@gmail.com,267-934-4101,Wang Group,Entrepreneur,EVENTS,LEAD,Dallas,08-06-2026
Heather,Schmidt,Heatherschmidt44@outlook.com,9955571202,WEISS INC,Marketing Director,PODCAST,Subscriber,Miami,01-27-26
Audrey,Cuevas,audreycuevas41@gmail.co,192.419.8254,Young-Pace LLC,Entrepreneur,Referals,lead,Chicago,08/18/2025
Shawn,Henry,Shawn.Henry89@outlook.com,1-910-091-2636,"Sandoval, Riley and Smith ",Owner,Paid social,,Los Angeles,29-10-2025
Veronica,Moore,VERONICA_MOORE74@gmail.co,(644) 115-8124,floyd group,Owner,Events/Conf,Subscriber,Chicago,"January 07, 2026"
Steven,Mendoza,Stevenmendoza59@yahoo.com,,"Wilkins, Villa and Taylor ",Media Buyer,Podcasts,Marketing Qualified Lead,Los Angeles,01/21/2026
AMANDA,Craig,AMANDA_CRAIG87@hotmail.com,179-670-3313,Clark-Rodriguez,Brand Manager,PODCAST,salesqualifiedlead,Boston,"October 18, 2025"
David,Simmons,DAVIDSIMMONS56@GMAIL.COM,+11052955506,BISHOP-KELLEY,CEO,podcast,Customer,Houston,05/12/2026
Wesley,Solomon,Wesley.Solomon84@yaho.com,(578) 246-4692,Gray-Gregory,Media Buyer,events,salesqualifiedlead,Tampa,02/11/2026
Kim,Watson,KimWatson83@gmail.com,590-960-4220,pacheco-phillips,Marketing Director,ref,Subscriber,Boston,2026-03-24
Joshua,Diaz,Joshuadiaz1@yaho.com,838.258.1122,Gardner Inc,,YOUTUBE,OPPORTUNITY,New York,"September 29, 2025"
Brittany,Stevens,BRITTANY_STEVENS32@hotmail.com,243-381-1157,garcia-reynolds,CMO,Organic Search,OPPORTUNITY,Houston,2026-01-15
Cynthia,Carr,CYNTHIACARR48@outlook.com,(177) 635-3721,Hebert-Trujillo ,CMO,YT,mql,Atlanta,01/09/2026
Stephen,Barber,Stephen_Barber46@gmail.com,361-230-2252,Shah Ltd ,Brand Manager,YOUTUBE,mql,Boston,2025-10-13
Ashley,Mcclain,Ashleymcclain74@hotmail.com,1115723811,Wright-Carter ,CMO,Podcasts,customer,Tampa,2025-08-01
Brandon,Williams,BrandonWilliams97@yahoo.com,776.549.4129,"carroll, patel and ramirez",Brand Manager,Paid Social,marketingqualifiedlead,Houston,11/01/2025
Richard,Barber,richard_barber86@gmail.com,(292) 544-3092,"Black, Scott and Norton",Marketing Director,Paid Social,sql,Dallas,2026-04-07
James,Watkins,James.Watkins42@gmail.co,1-972-714-6456,Hardy-Lee,Media Buyer,Paid Social,Customer,Atlanta,16-08-2025
Chris,Duncan,CHRIS_DUNCAN27@GMAIL.COM,+14345918989,Murphy Group ,Media Buyer,Referral,CUSTOMER,,06/18/2025
Candice,Smith,Candice_Smith19@outlook.com,418.338.4424,Cooper and Sons LLC,,YOUTUBE,Lead,,2026-05-13
Phillip,Byrd,phillip.byrd5@gmail.co,(286) 663-1246,"gutierrez, armstrong and davis",Sales Director,Podcasts,salesqualifiedlead,Dallas,03-09-2025
Tina,Nguyen,TinaNguyen48@hotmail.com,685.363.4722,BROWN AND SONS,Media Buyer,Podcasts,OPPORTUNITY,Los Angeles,13-06-2025
Tony,Torres,Tonytorres69@hotmail.com,,mccullough llc,,Podcasts,lead,Miami,2026-03-09
Cathy,Thomas,CATHY_THOMAS75@yahoo.com,0943748136,"drake, jensen and petersen",Sales Director,Podcasts,CUSTOMER,New York,05/16/2026
Kylie,Norris,KYLIE_NORRIS18@gmail.com,,Figueroa Inc ,Sales Director,PAID SOCIAL,LEAD,Tampa,09-26-25
David,King,David_King85@GMAIL.COM,+12855314420,Martinez Ltd ,Marketing Director,You Tube,LEAD,New York,"August 10, 2025"
Kimberly,Stone,kimberlystone58@outlook.com,(754) 416-0832,"Lara, Spears and Hudson",CEO,Referral,customer,Boston,"October 20, 2025"
Lisa,Gardner,Lisagardner56@hotmail.com,605.442.1304,PATEL PLC,Sales Director,podcast,salesqualifiedlead,Tampa,08-26-25
Susan,Kelly,susan_kelly22@yaho.com,291-605-5638,CHAN INC,Owner,podcast,OPPORTUNITY,Houston,02/01/2026
Jennifer,Holland,jenniferholland54@yahoo.com,8433486278,"Finley Ltd, LLC",Media Buyer,EVENT,opportunity,New York,07/29/2025
LOGAN,Anderson,Logan_Anderson22@yaho.com,+16530453042,DeanGroup,CMO,paid social,Lead,Boston,10-05-2026
Stephanie,Nunez,Stephanie.Nunez87@GMAIL.COM,371-626-1797,Brown PLC LLC,CMO,PODCAST,lead,,2025-07-17
Jonathan,Watson,JonathanWatson6@GMAIL.COM,836-394-3150,MOSS INC,Brand Manager,Referals,Sales Qualified Lead,,14-10-2025
James,Haley,James_Haley73@GMAIL.COM,,Mcfarland PLC,Sales Director,paid social,,New York,2026-03-24
Barbara,Mendez,BarbaraMendez75@gmail.com,997.758.0737,rodriguez-galloway,Owner,YOUTUBE,opportunity,Boston,2026-04-23
Logan,Wilkins,logan.wilkins66@yahoo.com,1-700-722-4650,Powers PLC,,Paid social,sql,Atlanta,"September 07, 2025"
Anita,Parrish,Anita_Parrish36@gmail.com,1-478-444-5342,Davis-Williams,Marketing Director,Email/Newsletter,customer,Los Angeles,03/31/2026
Laura,Clark,LAURA.CLARK38@hotmail.com,,Lopez-Robinson,Founder,PAID SOCIAL,Sales Qualified Lead,Fort Lauderdale,2025-09-22
Kevin,Silva,kevin_silva82@GMAIL.COM,2046852617,TUCKER AND SONS,Sales Director,Podcast,MQL,Houston,"June 21, 2025"
Matthew,Bennett,Matthew_Bennett16@GMAIL.COM,566-658-1205,"Vincent, Townsend and Hall LLC",CEO,Podcasts,sql,,09/26/2025
Caleb,Walker,CALEB_WALKER24@yaho.com,,"Brown,MccoyandJames",Owner,Events/Conf,sql,Miami,08/02/2025
Henry,Johnson,HenryJohnson76@yaho.com,1-337-086-5086,"taylor, jones and baker",CEO,Podcasts,CUSTOMER,Chicago,"March 12, 2026"
Michael,Roberson,michael.roberson13@outlook.com,1-143-396-9978,SMITH-YATES,Marketing Director,EVENTS,Marketing Qualified Lead,Miami,2025-12-21
Lawrence,Santos,Lawrence_Santos36@yahoo.com,1-519-970-3686,"Anderson,HuangandHerrera",CMO,events,Subscriber,Miami,"October 04, 2025"
Kyle,Smith,Kyle_Smith74@gmail.com,1900664956,MedinaandSons,Marketing Director,events,salesqualifiedlead,New York,2026-04-03
Olivia,Ward,olivia_ward7@hotmail.com,6233050375,"JONES, BAILEY AND WATERS",Entrepreneur,Pod Cast,CUSTOMER,Fort Lauderdale,06/15/2025
Jeremy,Jones,JEREMYJONES3@gmail.com,6159785133,"Buckley-Johnson, LLC",Owner,Paid social,SQL,Boston,06/14/2025
Martha,Neal,Martha.Neal59@yahoo.com,1-639-356-5181,"RODRIGUEZ, ZHANG AND DELACRUZ",Media Buyer,newsletter,customer,Tampa,07/19/2025
Ryan,Mueller,ryan_mueller93@yahoo.com,1-607-796-0471,Huber-Anderson,Brand Manager,youtube,Lead,Tampa,06/16/2025
Jennifer,Wilson,Jennifer.Wilson65@yahoo.com,250-355-7385,"weaver, sanchez and campbell",Owner,Youtube,salesqualifiedlead,Tampa,03/29/2026
James,Burns,JAMES_BURNS44@hotmail.com,+15293368746,Griffin and Sons,Sales Director,Podcast,mql,Miami,2025-10-08
Mark,Colon,MARK_COLON17@hotmail.com,836.428.4716,"Gutierrez,MayoandRubio",CMO,YOUTUBE,lead,Houston,03-07-2025
Paul,Cowan,Paul_Cowan30@yaho.com,,Conway-Smith,CEO,podcast,customer,Chicago,02/16/2026
Linda,Parker,lindaparker94@outlook.com,(286) 001-6505,"Ramsey, Vaughan and Turner, LLC",Founder,YOUTUBE,Marketing Qualified Lead,Boston,05/01/2026
Miranda,Koch,MIRANDA.KOCH8@hotmail.com,+11129382896,"Carter, Smith and Cruz ",CEO,PaidSocial,LEAD,New York,08/16/2025
Ashley,White,ASHLEY_WHITE70@yaho.com,286-797-2992,obrien llc,Media Buyer,paid_social,LEAD,Houston,15-09-2025
Brian,Kelley,Brian_Kelley90@yahoo.com,(854) 471-5131,scott plc,Founder,NL,customer,Fort Lauderdale,30-06-2025
Daniel,Fischer,DANIEL.FISCHER38@GMAIL.COM,,Ruiz and Sons LLC,,Referral,SQL,Boston,03/14/2026
Frank,Bailey,Frank.Bailey59@yaho.com,288-400-9952,GRAHAM INC,Media Buyer,ref,MQL,Dallas,"January 30, 2026"
Catherine,Hoover,Catherine_Hoover40@hotmail.com,189-599-0025,mitchell-hubbard,CMO,REFERRAL,marketingqualifiedlead,Los Angeles,01-24-26
Scott,Martinez,Scott_Martinez4@gmail.com,1-732-070-4010,thompson-ross,Media Buyer,youtube,,Atlanta,2026-05-16
Chelsea,Obrien,CHELSEA_OBRIEN5@yaho.com,6238919357,"Russell,ScottandHarris",CEO,Paid social,CUSTOMER,New York,08-21-25
Jason,Morgan,JASON.MORGAN86@GMAIL.COM,684.453.7854,Mcneil Group LLC,CEO,Youtube,LEAD,Atlanta,"November 17, 2025"
Brian,Silva,brian.silva54@GMAIL.COM,593.077.8336,"KNAPP, MORRIS AND SANFORD",CEO,PODCAST,sql,Boston,"March 29, 2026"
Mark,West,MARK.WEST41@GMAIL.COM,,HENRY-WASHINGTON,Founder,Youtube,sql,Chicago,11/05/2025
Ryan,Smith,RYAN_SMITH43@hotmail.com,5392943423,"Lawson-Davis, LLC",Entrepreneur,Referals,mql,Los Angeles,"March 07, 2026"
Logan,Anderson,Logan_Anderson22@yaho.com,+16530453042,"Simpson, Wood and Lester ",CMO,paid social,Lead,Boston,07-05-2026
Alexis,Miller,alexis.miller43@gmail.co,(031) 111-1045,Thompson-Cruz ,Media Buyer,Youtube,lead,Chicago,25-05-2026
Heather,Smith,Heather.Smith73@GMAIL.COM,466.832.8603,HollandandSons,,YouTube,mql,New York,06-24-25
Robin,Morgan,Robinmorgan51@gmail.com,,Peterson-Zimmerman ,Owner,REFERRAL,Sales Qualified Lead,Fort Lauderdale,10/12/2025
Ryan,Bailey,Ryan.Bailey58@hotmail.com,,Johnson and Sons ,Entrepreneur,Youtube,Sales Qualified Lead,Fort Lauderdale,09-14-25
Brooke,Zamora,BROOKE.ZAMORA59@yaho.com,2303953898,Newman Group ,CMO,Paid Social,salesqualifiedlead,Houston,02-06-26
Victor,Brown,VictorBrown96@outlook.com,7922728581,PalmerLtd,Sales Director,YT,MQL,Boston,01/16/2026
Sheri,Ibarra,sheri_ibarra72@outlook.com,1-835-794-0439,"Moreno, Lewis and Ortega LLC",Entrepreneur,YT,mql,Tampa,2026-03-03
Jessica,Green,Jessicagreen51@yahoo.com,,"Yu, Dean and Thomas ",CMO,PODCAST,subscriber,New York,07/23/2025
Cameron,Robinson,Cameron.Robinson14@yaho.com,(358) 491-8400,Novak-Taylor,CEO,Events,Subscriber,Miami,08-15-25
Michael,Stephens,Michael.Stephens80@gmail.com,0914603330,Wells Inc ,Brand Manager,YOUTUBE,Customer,Fort Lauderdale,08-09-25
Hannah,Reynolds,HANNAH_REYNOLDS63@GMAIL.COM,058-665-3159,"Martin,ValenzuelaandFarmer",Owner,Referral,LEAD,Houston,27-04-2026
,Bryant,Richard_Bryant53@gmail.co,6403045326,vance plc,Media Buyer,Referals,MQL,Tampa,10/27/2025
Melissa,Perez,Melissa_Perez50@GMAIL.COM,,stuart-scott,Owner,Podcast,mql,Chicago,11-27-25
DAVID,Pugh,David_Pugh70@outlook.com,,mcgrath inc,CMO,NEWSLETTER,Customer,New York,05-14-26
Kristin,Ortiz,KRISTIN_ORTIZ93@gmail.com,7379716016,"Green, Moreno and Alexander",Media Buyer,podcast,lead,Atlanta,"August 11, 2025"
Jodi,Keller,Jodi_Keller57@GMAIL.COM,1-298-856-4408,Richards Group LLC,Marketing Director,YOUTUBE,subscriber,Los Angeles,21-08-2025
,Mcintyre,Grace.Mcintyre17@gmail.co,(764) 188-3959,Carpenter Group,Founder,YT,Opportunity,,11/15/2025
Laura,White,Laurawhite1@GMAIL.COM,+12261941338,"SMITH, JENSEN AND GREGORY",Entrepreneur,PAID SOCIAL,Customer,New York,2025-08-25
Patrick,Roberts,Patrickroberts48@gmail.com,568.319.5591,Brown Ltd LLC,Sales Director,Paid social,lead,,10-28-25
Martin,Barnett,Martin_Barnett6@yahoo.com,984-321-2113,PetersonGroup,Founder,YOUTUBE,OPPORTUNITY,Chicago,2025-10-20
Marissa,Mills,marissa.mills73@yahoo.com,1-512-889-7489,hayes llc,Founder,Paid social,,Dallas,04-18-26
Joseph,Smith,JOSEPH.SMITH55@gmail.co,+13581783970,"Anderson-Farley, LLC",CEO,Pod Cast,CUSTOMER,Boston,11-14-25
Megan,Lyons,Meganlyons91@gmail.co,279-721-8378,WilsonGroup,CEO,SEO,Opportunity,Los Angeles,11-07-25
Amy,Garcia,amy.garcia7@yahoo.com,1-416-635-2169,"Chambers, Morgan and Davis",CEO,Newsletter,Lead,Fort Lauderdale,2025-11-13
Chad,Taylor,CHAD.TAYLOR52@GMAIL.COM,1-643-834-7802,"Moore, Turner and Nguyen",Sales Director,EVENTS,customer,Miami,"March 01, 2026"
Cheryl,Martinez,Cheryl_Martinez62@outlook.com,345.887.8307,diaz inc,Marketing Director,podcast,Opportunity,Tampa,09-05-25
Samantha,Harris,samantha.harris52@gmail.co,8894469000,"Flores, Simon and Greene LLC",Entrepreneur,youtube,SQL,Fort Lauderdale,12/03/2025
Michelle,Richardson,michellerichardson45@GMAIL.COM,+16645232868,Dean-Vaughn,CMO,YT,salesqualifiedlead,Miami,14-06-2025
Tristan,Daniels,Tristan_Daniels93@outlook.com,,ALLEN-GREEN,CEO,PODCAST,subscriber,Boston,2026-06-04
Richard,Gonzalez,richard.gonzalez18@yahoo.com,+12332146881,"Burns, Fisher and Austin LLC",Entrepreneur,Podcasts,,Boston,02-26-26
Lisa,Romero,LisaRomero97@outlook.com,1-377-544-3951,"Bradley,ShermanandFritz",Media Buyer,Youtube,SQL,Atlanta,07/18/2025
Cindy,James,cindy_james19@gmail.co,,smith-herrera,Marketing Director,Podcast,marketingqualifiedlead,Chicago,19-02-2026
Adam,Brooks,Adam_Brooks58@GMAIL.COM,1-141-397-1823,PotterandSons,CMO,Youtube,customer,Houston,2025-07-17
Kristen,Johnson,kristenjohnson6@yahoo.com,141.071.7335,HERNANDEZ INC,Founder,Podcasts,Sales Qualified Lead,,2025-09-13
James,Orozco,JAMESOROZCO39@yahoo.com,165-834-0233,May-Holland LLC,,Youtube,Subscriber,Tampa,12/27/2025
Mary,Calhoun,Mary.Calhoun33@gmail.com,5947287164,"Moore Inc, LLC",Media Buyer,NL,Customer,Los Angeles,11-12-2025
Beverly,Miller,beverly.miller86@yahoo.com,(616) 711-0313,Lee-Thomas ,Brand Manager,youtube,MQL,Los Angeles,2026-04-07
Daisy,Vaughn,DAISYVAUGHN92@gmail.com,+10779827110,Adams-Jackson ,,You Tube,MQL,Dallas,09-05-25
,Ross,brandonross95@yahoo.com,1-927-381-6568,MURPHY-LEWIS,Owner,SEO,Customer,Miami,2026-05-06
Susan,Campbell,Susan_Campbell28@gmail.co,8896656312,Mullins-Bradley,CMO,Youtube,Lead,Tampa,2026-04-09
Daniel,Reynolds,Daniel_Reynolds31@gmail.co,6975908726,Vasquez and Sons LLC,Founder,You Tube,customer,Miami,2025-09-16
James,Robertson,jamesrobertson26@gmail.com,+15397148631,Martin Inc ,Media Buyer,youtube,salesqualifiedlead,,2025-10-05
Michele,Murphy,Michele.Murphy77@gmail.com,(077) 536-3766,Hill PLC,CEO,ref,lead,,10-24-25
MARTIN,Barnett,Martin_Barnett6@yahoo.com,984-321-2113,byrd plc,Founder,YOUTUBE,OPPORTUNITY,Chicago,"October 22, 2025"
JAMES,Haley,James_Haley73@GMAIL.COM,,Stevenson and Sons LLC,Sales Director,paid social,,New York,25-03-2026
Jeffrey,Castillo,jeffrey_castillo30@GMAIL.COM,1-784-554-6924,"jenkins, hardy and evans",CEO,YT,Marketing Qualified Lead,Houston,09-02-2026
CHAD,Jones,CHAD.JONES69@outlook.com,1-925-595-0512,Pugh-Medina ,CEO,Referals,customer,New York,2025-08-11
Tammy,Mendoza,Tammy.Mendoza33@GMAIL.COM,1-953-520-5833,"MILLS, COLEMAN AND ALVAREZ",Brand Manager,EVENTS,Customer,Houston,22-05-2026
Sarah,White,SARAH_WHITE57@outlook.com,730.623.4260,"Perez, Rodriguez and Christian ",,Events/Conf,marketingqualifiedlead,Miami,09/17/2025
Thomas,Lee,Thomas_Lee8@yahoo.com,,SCOTT-HUFF,Sales Director,PODCAST,CUSTOMER,,02-26-26
Charles,Wagner,Charleswagner22@outlook.com,,"Leach, Sanchez and Mcknight, LLC",CEO,referral,CUSTOMER,Fort Lauderdale,07-03-2026
JONATHAN,Watson,JonathanWatson6@GMAIL.COM,836-394-3150,Campbell PLC,Brand Manager,Referals,Sales Qualified Lead,,10/17/2025
Dawn,Kelley,dawn_kelley25@outlook.com,015-582-3429,baker plc,Entrepreneur,PaidSocial,OPPORTUNITY,Fort Lauderdale,2026-03-12
Jennifer,Duke,JENNIFER.DUKE66@GMAIL.COM,727-085-2114,Ross-Duarte,Founder,youtube,salesqualifiedlead,Fort Lauderdale,08-11-25
Brandi,Camacho,Brandi_Camacho78@gmail.com,5623205254,GATES-WILLIAMSON,Media Buyer,Youtube,marketingqualifiedlead,,"April 14, 2026"
Shannon,Wilson,SHANNONWILSON61@outlook.com,+12874190696,"Leon, Arnold and Kim LLC",Brand Manager,Podcast,Lead,Dallas,07-04-25
Elizabeth,Davis,ElizabethDavis90@yahoo.com,,"Moreno,NorrisandCosta",Founder,Referral,marketingqualifiedlead,Atlanta,02-01-2026
Johnny,Brooks,johnny_brooks77@yaho.com,(651) 980-3788,"Ramos Group, LLC",Marketing Director,ref,SQL,New York,01-15-26
Alexis,Lang,alexis.lang15@outlook.com,1-596-623-6715,mcdaniel-rocha,CMO,Podcast,customer,Chicago,27-06-2025
Troy,Mcmahon,troymcmahon20@yahoo.com,(765) 839-8146,Jones LLC,CMO,podcast,salesqualifiedlead,Los Angeles,12/28/2025
Craig,Mckenzie,craigmckenzie74@outlook.com,,"Klein Ltd, LLC",Founder,PaidSocial,subscriber,Tampa,03/05/2026
Jennifer,Adkins,Jennifer.Adkins96@yaho.com,7928201027,"WEISS, MILLER AND COLEMAN",Owner,organic,Lead,New York,12-07-25
Chad,Jones,CHAD.JONES69@outlook.com,1-925-595-0512,"Sanchez,SmithandAdams",CEO,Referals,customer,New York,08/07/2025
Joseph,Morales,Joseph_Morales49@gmail.co,423-246-6361,Cooper-Webb ,Marketing Director,Events,customer,Houston,07-07-2025
Michelle,Dunlap,Michelle_Dunlap23@yahoo.com,,"Gonzalez,CastilloandMunoz",CMO,Newsletter,mql,Houston,26-01-2026
Aaron,Chandler,Aaron.Chandler61@yaho.com,1-932-622-8749,CarrilloLtd,Owner,YT,Opportunity,Atlanta,20-03-2026
Kevin,Smith,Kevin_Smith39@yahoo.com,204.320.2834,Morris-Howard ,CEO,YOUTUBE,lead,Dallas,11-10-25
Brandon,Lee,BRANDONLEE83@outlook.com,+17678917692,Lowe-Rivers,CMO,Podcasts,Opportunity,New York,2025-10-04
Lindsay,Jones,LINDSAYJONES40@gmail.com,0064589943,BraunGroup,Sales Director,youtube,SQL,Atlanta,09-25-25
Michele,Brown,michelebrown60@outlook.com,1-284-862-0553,Adams-Moss,Sales Director,podcast,marketingqualifiedlead,Miami,08-07-25
RYAN,Smith,RYAN_SMITH43@hotmail.com,5392943423,Hammond-Thompson,Entrepreneur,Referals,mql,Los Angeles,2026-03-12
Kristy,Jordan,Kristyjordan23@gmail.com,(992) 680-3610,"Collins-Carey, LLC",Owner,paid_social,Sales Qualified Lead,Chicago,2025-07-22
Hannah,Morales,Hannah.Morales60@gmail.com,,"Jacobs, Snyder and Esparza LLC",Founder,Referral,LEAD,Boston,2026-01-10
Jonathan,Collins,jonathan_collins50@yahoo.com,(831) 915-0346,gordon-ramos,Owner,EVENT,SQL,New York,16-04-2026
Patrick,Monroe,patrickmonroe40@GMAIL.COM,(507) 371-7438,"Martinez Inc, LLC",,PODCAST,MQL,Miami,03/10/2026
Robert,Goodwin,Robertgoodwin21@GMAIL.COM,1-365-601-8830,"Collins, Chambers and Adkins LLC",,ref,customer,Chicago,2025-11-11
Kimberly,Conley,Kimberlyconley62@GMAIL.COM,0322159588,Fernandez-Hancock,Owner,Pod Cast,mql,Atlanta,2025-11-07
Mark,Turner,MARK.TURNER17@gmail.com,1-560-685-6780,"Smith, Moore and Burns LLC",,youtube,Opportunity,Dallas,10/27/2025
Daniel,Duarte,Daniel.Duarte30@gmail.co,,"Taylor, Thomas and Scott",Brand Manager,events,Opportunity,Tampa,12-06-2025
Charles,Rios,CharlesRios90@GMAIL.COM,1-098-409-5642,"Chapman Inc, LLC",CMO,PODCAST,SQL,Tampa,"April 03, 2026"
James,Castro,james.castro83@yahoo.com,596-995-2723,"Russell Group, LLC",Marketing Director,ref,MQL,Atlanta,01-08-2025
Richard,Williams,Richard.Williams38@yahoo.com,332.470.3285,DownsLLC,Media Buyer,YOUTUBE,subscriber,Tampa,2026-05-28
Jody,Cuevas,JodyCuevas1@yahoo.com,127-549-8141,POWERS-DIXON,,YT,marketingqualifiedlead,Dallas,"October 01, 2025"
Michael,Stokes,Michael.Stokes11@gmail.co,679-418-7053,"Cain, Flores and Smith, LLC",Entrepreneur,NL,MQL,Atlanta,10-05-2026
Jesse,Berry,Jesse_Berry95@GMAIL.COM,1-316-932-2732,"Scott, Curtis and Chambers, LLC",Marketing Director,paid_social,CUSTOMER,Miami,2025-06-18
Beth,Wright,BETH.WRIGHT6@yaho.com,(303) 461-9182,WALSH LTD,Marketing Director,NL,Marketing Qualified Lead,Miami,2026-01-30
Johnny,Gomez,JOHNNY.GOMEZ96@yahoo.com,(165) 055-8618,"Clark, Edwards and Garza LLC",Media Buyer,Organic Search,Marketing Qualified Lead,Fort Lauderdale,06-12-2025
Jason,Bolton,JasonBolton13@hotmail.com,242-055-4113,"DIAZ, CARTER AND DURHAM",CMO,PAID SOCIAL,marketingqualifiedlead,Houston,28-10-2025
Barbara,Blevins,BARBARA.BLEVINS35@hotmail.com,(149) 420-2897,"Hernandez, Chavez and Alexander ",CEO,Youtube,mql,Fort Lauderdale,2025-09-11
Carly,Jennings,CARLY.JENNINGS81@yaho.com,492-390-3234,Schneider PLC,Media Buyer,ref,opportunity,Atlanta,"June 02, 2026"
Vickie,Wilson,vickie_wilson74@hotmail.com,,Boyd-Bowman,Founder,EVENT,subscriber,Boston,2025-08-20
Katrina,Strong,katrinastrong33@hotmail.com,4551483103,"Nguyen-Garcia, LLC",Brand Manager,newsletter,opportunity,Chicago,07-04-25
Katie,Cook,Katie.Cook65@yaho.com,1-310-060-5304,Adams Ltd,CMO,YT,salesqualifiedlead,New York,10-31-25
Christopher,Collins,CHRISTOPHERCOLLINS12@outlook.com,+10652863037,"Gardner-Bryan, LLC",Founder,Events/Conf,Sales Qualified Lead,Atlanta,2025-11-06
Billy,Fuller,Billy.Fuller31@yahoo.com,766-886-5964,Sellers LLC,CMO,PODCAST,sql,Houston,2026-04-15
Jason,Rivas,Jason.Rivas21@GMAIL.COM,645-738-6387,MartinGroup,Media Buyer,Referals,Opportunity,Los Angeles,30-01-2026
Emily,Humphrey,EMILY_HUMPHREY47@outlook.com,9019384522,"Norman,BaileyandChristian",Marketing Director,paid_social,OPPORTUNITY,Tampa,22-06-2025
Stephen,Boyer,stephen_boyer2@GMAIL.COM,(239) 408-7405,TOWNSEND GROUP,Founder,youtube,LEAD,Fort Lauderdale,02/27/2026
Jonathan,Ray,Jonathan.Ray94@yahoo.com,435-125-6248,Gonzalez-Brown LLC,CEO,Email/Newsletter,Subscriber,New York,2026-04-23
Patrick,Taylor,Patrick_Taylor73@outlook.com,720.807.1105,meyer-whitney,Entrepreneur,organic_search,Marketing Qualified Lead,Fort Lauderdale,"March 13, 2026"
Kimberly,Webb,KIMBERLY_WEBB1@hotmail.com,,"Lee, Humphrey and Martinez",Brand Manager,events,mql,Miami,2026-01-26
Patrick,Caldwell,patrickcaldwell34@gmail.com,,NORRIS-THOMAS,Marketing Director,YT,,,"July 23, 2025"
Amanda,Craig,AMANDA_CRAIG87@hotmail.com,179-670-3313,"Wong, Jackson and Wong LLC",Brand Manager,PODCAST,salesqualifiedlead,Boston,10/14/2025
Michael,Reynolds,Michael.Reynolds3@GMAIL.COM,1-310-851-5285,"Herrera, Molina and Pena LLC",Brand Manager,Podcast,subscriber,Los Angeles,02/07/2026
Paula,Taylor,PAULATAYLOR71@hotmail.com,,"TRAN, BAKER AND HAMILTON",Owner,YT,OPPORTUNITY,New York,"April 03, 2026"
Theresa,Salinas,Theresa_Salinas41@GMAIL.COM,906-096-2430,Norman LLC,Entrepreneur,PAID SOCIAL,salesqualifiedlead,,02-05-2026
Samuel,Jackson,samuel_jackson8@yaho.com,,"Rodriguez-Collins, LLC",Owner,Youtube,marketingqualifiedlead,Boston,05-01-2026
Renee,Jordan,Renee_Jordan46@hotmail.com,801-293-2340,thornton-brown,Media Buyer,paid_social,lead,Tampa,02-15-26
Natasha,Gamble,Natasha_Gamble76@gmail.com,1-725-894-7190,Obrien Inc,Marketing Director,paid_social,LEAD,Atlanta,2025-06-28
Paul,Davis,Paul.Davis78@gmail.co,(484) 424-1091,Wells-Anderson,Entrepreneur,YouTube,lead,Tampa,10-25-25
James,Diaz,JAMES_DIAZ97@gmail.com,3747596201,"Hunt, Mills and Meadows, LLC",Brand Manager,Podcasts,LEAD,Houston,"May 30, 2026"
Brandon,White,BrandonWhite34@hotmail.com,387-515-2449,"Little Ltd, LLC",Marketing Director,paid social,sql,Houston,06/28/2025
Karen,Howell,KAREN_HOWELL48@GMAIL.COM,1-481-268-9928,Lee-Carey ,,YouTube,OPPORTUNITY,Dallas,"January 22, 2026"
Cynthia,Davenport,CYNTHIA_DAVENPORT18@yaho.com,206-081-4671,"Hall,RamseyandHess",Owner,Email/Newsletter,,Houston,2026-01-28
Pamela,Campbell,PAMELA_CAMPBELL44@hotmail.com,035.731.8020,Nelson Group LLC,Sales Director,REFERRAL,sql,Tampa,11-16-25
Michelle,Boyd,michelle.boyd80@hotmail.com,481-732-2515,"Green, Randall and Jones ",Owner,Youtube,,,11-29-25
Juan,Browning,Juan.Browning22@yaho.com,2750806209,Sheppard Ltd ,Founder,EVENTS,marketingqualifiedlead,Chicago,04/11/2026
AUDREY,Cuevas,audreycuevas41@gmail.co,192.419.8254,hill and sons,Entrepreneur,Referals,lead,Chicago,"August 22, 2025"
Michael,Green,Michael_Green9@yaho.com,372-568-9272,mullen and sons,Brand Manager,Podcasts,subscriber,Atlanta,12-04-25
Daniel,Hunter,DanielHunter31@hotmail.com,(518) 184-6195,"Frazier, Bowen and Reed ",Marketing Director,Podcast,,Miami,09/13/2025
Lisa,Turner,Lisa.Turner9@hotmail.com,039.657.2495,"Macdonald, Vazquez and Johnson",Founder,YOUTUBE,Opportunity,Dallas,"February 24, 2026"
Nancy,Cooper,Nancycooper85@yaho.com,783.967.2379,Parker-Kramer,,YT,Customer,,2026-02-14
Harold,Humphrey,harold.humphrey17@yaho.com,9002045720,Roberts LLC ,Owner,Podcast,marketingqualifiedlead,Dallas,2025-12-30
Matthew,Bruce,MATTHEWBRUCE95@GMAIL.COM,(236) 230-9005,Blanchard Group,,Podcasts,Lead,Chicago,"July 24, 2025"
Morgan,Hale,morgan_hale96@hotmail.com,057-213-0708,"Chapman LLC, LLC",CMO,Email/Newsletter,sql,Miami,06-24-25
Sandra,Hoffman,Sandra_Hoffman23@GMAIL.COM,258.010.3073,"Warren,EllisandReid",CEO,paid social,,Chicago,06-29-25
TYLER,Eaton,tyler_eaton13@gmail.com,1-924-961-7812,powell-jackson,Sales Director,youtube,salesqualifiedlead,Dallas,2025-11-27
Sherri,Johnson,SHERRIJOHNSON87@yahoo.com,8082150316,Nichols LLC ,,Podcasts,Customer,Atlanta,06/06/2026
Robert,Glass,robert.glass13@outlook.com,857-341-5218,smith-wall,CMO,events,OPPORTUNITY,Dallas,"March 23, 2026"
William,Chapman,WILLIAM_CHAPMAN42@gmail.com,(520) 406-8705,"Callahan, Gutierrez and Estrada",Owner,Podcasts,SQL,Dallas,18-02-2026
John,Caldwell,John_Caldwell7@yaho.com,8731054013,roberts ltd,Owner,paid social,opportunity,Los Angeles,05-25-26
Diana,Rodriguez,DIANA.RODRIGUEZ75@GMAIL.COM,+18089457011,"Wolfe, Solis and Porter ",CMO,newsletter,mql,Chicago,2025-06-20
Dwayne,Day,DWAYNE.DAY72@hotmail.com,,"Hutchinson and Sons, LLC",CMO,PODCAST,,Fort Lauderdale,2026-01-20
DIANA,Carter,Diana.Carter40@yahoo.com,(147) 360-7597,"Smith, Miller and Diaz LLC",CMO,Referral,Subscriber,Houston,2026-01-14
Chelsea,Jordan,Chelsea_Jordan54@yahoo.com,(746) 702-7368,fleming plc,Owner,Podcast,MQL,,"June 23, 2025"
Shaun,Castillo,shauncastillo43@yahoo.com,,CombsPLC,Media Buyer,Podcasts,salesqualifiedlead,,10-03-25
Lauren,Robinson,LAUREN.ROBINSON5@yahoo.com,+11064224261,wilkinson-walton,,Events,SQL,Boston,"April 10, 2026"
,Jones,Michael.Jones48@gmail.com,+14249471799,LEWIS-DANIELS,Media Buyer,Paid Social,marketingqualifiedlead,Atlanta,10-08-2025
Kendra,Harmon,Kendra.Harmon42@yaho.com,1-613-753-6586,norris and sons,Owner,Paid Social,subscriber,Fort Lauderdale,18-07-2025
Sue,Cooper,sue_cooper67@yahoo.com,334.439.8917,"ARMSTRONG, ALVAREZ AND WONG",Media Buyer,Pod Cast,Marketing Qualified Lead,Miami,2026-02-28
Vickie,Perkins,Vickie.Perkins42@outlook.com,+16111723830,SPENCER PLC,CEO,events,Lead,Houston,05/20/2026
Jay,Winters,JAY_WINTERS50@GMAIL.COM,563-272-9518,"Schroeder, Harrison and Powell ",CMO,YT,Sales Qualified Lead,Houston,07/30/2025
Kyle,Bryant,KYLEBRYANT77@outlook.com,(457) 998-3782,Lewis-Cross,Owner,podcast,Opportunity,Dallas,09-10-2025
Gary,Carey,Gary_Carey73@yahoo.com,481.171.1315,Atkins-Davila,CMO,You Tube,customer,Tampa,"March 14, 2026"
Victoria,Love,VICTORIA_LOVE2@outlook.com,,jones group,Media Buyer,EVENTS,Opportunity,Dallas,10-16-25
